A;HI-FI SERIOUS;0809274477620
A;HOW ACE ARE BUILDINGS;0685738324026
A;MONKEY KONG;0639842769525
A;NOTHING;0809274465320
ABED AZRIE;AROMATES;0075597924121
ABO/KOOPMANN;HAYD:SYMPHONIES44,45&49;0809274899729
AC/DC;LIVE IN MADRID;0085364019134
AC/DC;STIFF UPER LIP-LIVE;0603497046621
AC/DC;STIFF UPPER LIP-LIVE;0085364023223
AC/DC;STIFF UPPER LIP-LIVE;0085364023292
AC/DC;STIFF UPPER LIP-TOUR EDITION;0075596267229
AC/DC;STIFFER UPPER LIP;0075596249423
AC/DC;STIFFER UPPER LIP;0075596249416
ACKLES,DAVID;AMERICAN GOTHIC;0075596159722
ADAMS,JOHN;ADAM:EL NINO;0075597963427
ADAMS,JOHN;ADAMS:CENTURY ROLLS,LOLLAPALOO;0075597960723
ADAMS,JOHN;DHARMA AT BIG SUR,THE/MY FATHE;0075597985726
ADAMS,JOHN;GNARLY BUTTONS,ALLEGED DANCES;0075597946529
ADAMS,JOHN;HARMONIUM,THE WOUND DRESSER;0075597954920
ADAMS,JOHN;NAIVE&SENTIMENTAL MUSIC;0075597963625
ADAMS,JOHN;ON THE TRANSMIGRATIO;0075597981629
ADAMS,JOHN;PORTRAIT OF JOHN AD;5051011485725
ADAMS,JOHN;ROAD MOVIES;0075597969924
ADAMS/LS;ADAMS:CHAMBER SINF/+;0075597921922
ADAMS,YOLANDA;YEAH;0075596720403
ADRENALINE RUSH;WINDOWS MEDIA 9 HD D;5051011883224
AFGHAN WHIGS;BLACK LOVE;0075596189620
AFGHAN WHIGS;CONGREGATION;0098787013023
AFGHAN WHIGS;GENTLEMEN;0075596150125
AFGHAN WINGS;UNBREAKABLE - THE BE;0081227318628
AFRO-CUBAN ALL STARS;LIVE IN HAVANNA;0685738129393
AFRO-CUBAN ALL STARS/COMPANY S;AFRO-CUBAN LEGENDS;0685738853120
AGAINST ME!;NEW WAVE;0093624995821
AGAINST ME;NEW WAVE;0093624999430
A-HA;BEST OF;0075993827934
A-HA;BEST OF A-HA,THE;5050467622524
A-HA;BEST OF/HEADLINES AND DEADLINE;0075993828221
A-HA;DID ANYONE APPROACH YOU?;5050466092427
A-HA;EAST OF THE SUN, WEST OF THE M;0075992631426
A-HA;HITS OF A-HA;0075992677325
A-HA;HITS OF A-HA;0075992677349
A-HA;HOW CAN I SLEEP WITH YOUR VOIC;5050466333124
A-HA;HOW CAN I SLEEP WITH YOUR VOIC;5050466332929
A-HA;HUNTING HIGH AND LOW;0075992530026
A-HA;LIFELINES;0809274484925
A-HA;LIFELINES;0809274703729
A-HA;LIVE IN VALLHALL - HOMECOMING;0809274486424
A-HA;LIVE IN VALLHALL-HOM;0809274486431
A-HA;MEMORIAL BEACH;0093624522928
A-HA;MINOR EARTH, MAJOR SKY;0685738218325
A-HA;MINOR EARTH,MAJOR SINGLE BOX;0685738688425
A-HA;SCOUNDREL DAYS;0075992550123
A-HA;STAY ON THESE ROADS;0075992573320
A-HA;SUMMER MOVED ON/BARELY HANGING;0639842969222
AIMARD;MESSIAEN:VINGT REGARDS SUR L'E;0639842686822
AIMARD, PIERRE-LAURE;RAVEL/CARTER;0825646216024
AIMARD, PIERRE-LAURE;SCHUMANN: CARNAVAL;0825646342624
AIMARD/COE/HARNONCOURT;BEETHOVEN/CHORAL FANTASY A.O.;0825646060221
AIMARD/HARNONCOURT/+;BEET:PIANO CONCERTOS NO.1-5;0809274733429
AIMARD/HARNONCOURT/RCO;DVOR:KLAVIERKONZERT/DAS GOLDEN;0685738763023
AIMARD/MASSEUR/DE LEEUW/SCHOEN;LIGETI:MELODIES FOR ORCHESTRA;0685738395323
AIMARD/NAGANO/BP;MESSIAEN:TURANGALILA-SYMPHONY;0685738204397
AIMARD,PIERRE LAURENT;DEBUSSY:IMAGES,ETUDES;0685738394029
AIMARD,PIERRE-LAURANT;MOZART:PIANO CONCERTOS;0825646225927
AIMARD,PIERRE-LAURENT;AFRICAN RHYTHMS;0685738658428
AIMARD,PIERRE-LAURENT;CARNEGIE HALL RECITAL;0809274308825
AIMARD,PIERRE-LAURENT;MESSIAEN:VINGT REGARDS SUR...;0639842686891
AIMARD,PIERRE-LAURENT/GRAHAM,S;IVES:LIEDER UND SONATEN;0825646029723
AIX-EN-PROVENCE OPERA FESTIVAL;FALSTAFF;5050467446922
AKERSTRöM,FRED;GULDKORN;0706301830321
AKKERMAN,JAN;JAN AKKERMAN;0022924236020
AKKERMAN,JAN & LUX,KAZ;ELI;0022924236129
AL BANO & ROMINA POWER;LIBERTA;0022924220029
AL BANO & ROMINA POWER;NOTTE E GIORNO;0745099215729
AL BANO & ROMINA POWER;SEMPRE SEMPRE;0022924097928
AL BANO & ROMINA POWER;SEMPRE SEMPRE;0022924208140
AL BANO & ROMINA POWER;UNSER LEBEN, UNSERE FAMILIE,;0745099282035
AL BANO & ROMINA POWER;WEIHNACHTEN BEI UNS ZU HAUSE;0090317242323
ALAGNA,JO,DESSAY,VAN DAM/NAGAN;OFFENBACH:TALES OF HOFFMANN;0706301433027
ALAIN;ALAIN:ORGAN WORKS VOL.2;0685738577323
ALAIN;ANONYM:MESSE F. JAGDHORN & ORG;0745099696528
ALAIN;BACH:CHEF D'OEVRE POUR ORGUE;0745099971120
ALAIN;BACH,C.P.E.:6 ORGAN SONATAS;0706301477724
ALAIN;BACH:ORGELWERKE VOL.1;0745099671822
ALAIN;BACH:ORGELWERKE VOL.10;0745099674328
ALAIN;BACH:ORGELWERKE VOL.11;0745099674427
ALAIN;BACH:ORGELWERKE VOL.12;0745099674526
ALAIN;BACH:ORGELWERKE VOL.13;0745099674625
ALAIN;BACH:ORGELWERKE VOL.14;0745099674724
ALAIN;BACH:ORGELWERKE VOL.2;0745099671921
ALAIN;BACH:ORGELWERKE VOL.3;0745099672027
ALAIN;BACH:ORGELWERKE VOL.4;0745099672126
ALAIN;BACH:ORGELWERKE VOL.5;0745099672225
ALAIN;BACH:ORGELWERKE VOL.6;0745099672324
ALAIN;BACH:ORGELWERKE VOL.7;0745099672423
ALAIN;BACH:ORGELWERKE VOL.8;0745099672522
ALAIN;BACH:ORGELWERKE VOL.9;0745099674229
ALAIN;BACH:SAEMTL.ORGELWERKE;0745099635824
ALAIN;COUPERIN:MESSE POUR LES PAROIS;0706301758120
ALAIN;VARIOUS:ORGAN WORKS;0639842699624
ALAIN/ANDRE/ECO/LEPPARD/FAERBE;HOCHZEITSMUSIK;0022924580123
ALAIN/CORBOZ/ENSEMBLE VOCAL DE;GOUNOD/SAINT-SAENS:MESSE CHORA;0685738923526
ALAIN/FBO;HAENDEL:CONC.NO.1-4,7-10;0639842548625
ALAIN/KANTAROW/BAMS;POUL:ORGAN WORKS;0825646191222
ALAIN/KOOPMAN/COLLARD/DUCAHBLE;POULENC:CONC.F.ORGAN,PIANO,2 P;0639842134224
ALAIN/MARTINON/ORCH.NATIONAL D;SAINT-SAENS/POULENC:SYM.NO.3/C;0685738924424
ALAIN,M.-C.;BACH FAMILIE:ORGELWERKE;0706301707326
ALAIN,M.C./;BACH,J.S.:MEISTERWERKE F.ORGEL;0745099193126
ALAIN,M.C./;BEST OF ORGAN WORKS;0022924597626
ALAIN,M.C.;DIVERSE:GROSSE TOCCATEN;0745099481223
ALAN CURTIS;BACH/ENGLISH&FRENCH SUITES NOS;0809274080820
ALANIS MORISSETTE;SO CALLED CHAOS;0093624855514
ALBAN BERG QUARTET;BRAHMS/DVORAK:STRING QUARTETS;0745099550325
ALBAN BERG QUARTET;MOZART:STRING QUARTETS NR14-21;0745099549527
ALBAN BERG QUARTET;MOZART/STRING QUARTETS 17&19;0809274082824
ALBERS,HANS;STAR FESTIVAL/LA PALOMA;0745099931025
ALBRIGHT,GERALD;LIVE OF LOVE;0075678305023
ALEJANDRO SANZ;EL TREN DE MOMENTOS;0825646400225
ALEKSEY;WEN SOLL ICH FUERCHTEN/;0685738262601
ALEXANDER KNIAZEV &;RACHMANINOV & CHOPIN;0825646394623
ALEXANDER/ASCHC/CMW/HARNONCOUR;HAENDEL,G.F.:THEODORA;0022924644726
ALICE;EXIT;0639842487924
ALICE;GOD IS MY DJ;0685738102129
ALICE;PERSONAL JUKE BOX;0685738200627
ALL SAINTS;ALL HITS;0809274215222
ALL SAINTS;ALL HITS;0809274198228
ALL SAINTS;ALL HITS;0809274215246
ALL SAINTS;ALL SAINTS;0639842913621
ALL SAINTS;PURE SHORES/;0685738172122
ALL SAINTS;REMIX ALBUM;0639842819121
ALL SAINTS;SAINTS AND SINNERS;0685738529827
ALL SEEING I, THE;FIRST MAN IN SPACE/;0639842923828
ALLISON, MOSE;I DON'T WORRY ABOUT A THING;0081227141721
ALLISON,MOSE;YOUR MIND IS ON VACATION;0081227659721
ALL-4-ONE;ON AND ON;0075678300721
ALMOND, MARC;TENEMENT SYMPHONY;0090317551821
ALMOND,MARC;SIN SONGS,TORCH&ROMANCE;5051011171529
ALPHAVILLE;AFTERNOONS IN UTOPIA;0022924094828
ALPHAVILLE;BIG IN JAPAN/BIG IN JAPAN;0090317738000
ALPHAVILLE;BIG IN JAPAN/BIG IN JAPAN;0090317515403
ALPHAVILLE;DANCE WITH ME/HIGHRISE SECTOR;0022924874772
ALPHAVILLE;FIRST HARVEST 1984-92;0090317645421
ALPHAVILLE;FOOLS/FOOLS;0745099654207
ALPHAVILLE;FOREVER POP;0685738803422
ALPHAVILLE;FOREVER YOUNG;0022924048128
ALPHAVILLE;FOREVER YOUNG;0022924048142
ALPHAVILLE;PROSTITUTE;0745099683627
ALPHAVILLE;SALVATION;0706301966426
ALPHAVILLE;SALVATION;0706301966440
ALPHAVILLE;SONGLINES;0022924485534
ALPHAVILLE;THE BREATHTAKING BLUE;0022924485527
ALSFELDER VOKALENSEMBLE;LASSUS/MADRIGALS AND MOTETS;0809274137524
ALVIN STARDUST;PLATINUM COLLECTION;5051011183126
AMADOU & MARIAM;DIMANCHE A BAMAKO;0825646226023
AMA,SHOLA;IMAGINE (ALBUM VERS.)/IMAGINE;0685738217700
AMA,SHOLA;IN RETURN;0685738017324
AMA,SHOLA;MUCH LOVE;0639842002028
AMA,SHOLA;STILL BELIEVE/;0685738017423
AMBROSIAN SINGERS/ISV/SCIMONE;ROSSINI,G.:ZELMIRA;0022924541926
AMELING/JANSEN/VIOTTI/ONF;RAVEL:SCHEHERAZADE;0639842091527
AMERICA;AMERICA;0075992725729
AMERICA;HARBOR;0075992688321
AMERICA;HAT TRICK;0075992669221
AMERICA;HEARTS;0093624598626
AMERICA;HERITAGE-30 YEARS OF AMERICA(D;0081227357221
AMERICA;HIDEAWAY;0075992669122
AMERICA;HOMECOMING;0081227436797
AMERICA;LIVE;0075992669023
AMERICA;LIVE AT THE SYDNEY O;0603497044023
AMERICA;THE DEFINITIVE...;0081227355227
AMERICA;30 YEARS;0081227988722
AMERICAN BALLET THEA;ABT AT THE MET -MIXE;0639842655521
AMERICAN BALLET THEATRE;AMERICAN BALLET THEATER IN S.F;5050467803022
AMERICAN BALLET THEATRE;DON QUIXOTE;0706301939925
AMERICAN BALLET THEATRE;DON QUIXOTE;0706301939932
AMERICAN BALLET THEATRE;MIXED BILL;0639842655538
AMERICAN STRING QUARTET;DVOR:STRING QUARTETS OP34&OP51;0075597967128
AMERICAN STRING QUARTET/NY CHA;SCHO:STRING QUARTET/STRAUSS-CO;0075597967524
AMICI CANTUS;RAUTAVAARA:BOOK OF LIFE;0639842144421
AMORE,CHERIE;I DON'T WANT NOBODY (CLUB VOCA;0685738216208
AMOS,TORI;A PIANO-THE COLLECTION(DIGIBOO;0081227777555
AMOS,TORI;BOYS FOR PELE;0075678286223
AMOS,TORI;BOYS FOR PELE(NEW VERSION);0075678069628
AMOS,TORI;COMPLETE COLLECTION;0075678315435
AMOS,TORI;FROM THE COIRGIRL HOTEL;0075678309526
AMOS,TORI;LITTLE EARTHQUAKES;0075678235825
AMOS,TORI;LITTLE EARTHQUAKES;0085365033535
AMOS,TORI;LIVE IN NEW YORK;0075678073236
AMOS,TORI;RARITIES;0081227777524
AMOS,TORI;STRANGE LITTLE GIRL;0075678348624
AMOS,TORI;STRANGE LITTLE GIRL;0075678348648
AMOS,TORI;TALES OF A LIBRARIAN;0075679322326
AMOS,TORI;TALES OF A LIBRARIAN LTD;0075678365850
AMOS,TORI;TO VENUS AND BACK;0075678324222
AMOS,TORI;UNDER THE PINK;0075678256721
AMOS,TORI;VIDEO COLLECTION-FADE TO RED;0603497029525
AMSTERDAM CO/RIEU/BRUGGEN;BACH/ENGLISH&FRENCH SUITES 3&4;0809274084323
AMSTERDAMER KAM./+/BRUEGGEN,F.;TELEMANN,G.P.:KON.IN E-MOLL;0090317762029
AMYTH;THE WORLD IS OURS;0093624748427
AN PIERLE;MUD STORIES;0639842979627
ANASTASIO,TREY;TREY ANASTASIO;0075596274920
ANDERS,GABRIELA;WANTING;0093624690726
ANDERSON, JON;TOUR OF THE UNIVERSE;0825646327829
ANDERSON, LAURIE;BIG SCIENCE (RE-ISSU;0075597998856
ANDERSON,JON;OLIAS OF SUNHILLO;0075678027321
ANDERSON,JON;SONG OF SEVEN;0075678147524
ANDERSON,LAURIE;BRIGHT RED;0093624553427
ANDERSON,LAURIE;HOME OF THE BRAVE;0075992540025
ANDERSON,LAURIE;LIFE ON A STRING;0075597953923
ANDERSON,LAURIE;LIVE IN NEW YORK;0075597968125
ANDERSON,LAURIE;MISTER HEARTBREAK;0075992507721
ANDERSON,LAURIE;STRANGE ANGELS;0075992590020
ANDERSON,LAURIE;THE LAURIE ANDERSON ANTHOLOGY;0081227664824
ANDERSON,LAURIE;THE UGLY ONE WITH THE JEWELS;0093624584728
ANDERS,PETER;PORTRAIT PETER ANDERS;0685738302321
ANDRE, M.;VARIOUS:ULTIMATE TRUMPET;0745099286125
ANDRE,M.;DIVERSE:LA BELLE EPOQUE;0745099212629
ANDRE,M.;TROMPETIST DU SIECLE;0745099360221
ANDRE,M./ALAIN,M.C.;DIVERSE:TROMPETE & ORGEL;0745099212520
ANDRE,PETER;MYSTERIOUS GIRL;5050467282520
ANDRE/SOUSTROT/ONOMC;LEHAR/BELLINI/BIZET/+:TROM.KON;0706301374122
ANDRIESSEN;ANDRIESSEN:DE MATERIE;0075597936728
ANDRIESSEN,LOUIS;ROSA,THE DEATH OF A COMPOSER;0075597955927
ANGELIT;REASONS;0809274987327
ANNE AZEMALENE;VARIOUS:LE JEU D'AMOUR;0706301707227
ANNIE;ANNIEMAL;5050467472327
ANU TALI;TÜÜR/RACHMANINOV/SIB;0825646199228
APEX/;SCHNITTKE/PIANO CONC;0809274981127
APEX;BARTOK/STRAVINSKY;0809274091123
APEX;BEETHOVEN-PIANO TRIO;0825646153329
APEX;BIBER/REQUIEM/SACRED;0825646203123
APEX;BORTKIEWICZ/RACHMANI;0825646199020
APEX;BRAHMS-HORN&CLARINET;0825646179220
APEX;FUCIK/ENTRY OF THE G;0809274875228
APEX;HANDEL/ GIULIO CESAR;0825646201822
APEX;HAYDN-ORIGINAL CANZO;0825646174621
APEX;HONEGGER/LE ROI DAVI;0825646203321
APEX;LISZT/PIANO CONCERTO;0825646204427
APEX;MAHLER SYMPHONIE NO;0825646208029
APEX;MASSENET/SCÈNES DRAM;0825646208524
APEX;MERCADANTE, G.S.-2 C;0825646179121
APEX;MONTEVERDI-TEMPRO LA;0825646178124
APEX;MOZART/EINE KLEINE N;0809274869128
APEX;MOZART-GOUINGUENE;0825646179329
APEX;MOZART/SYMS.41,25,31;0809274904522
APEX;PIAZZOLLA/TANGOS;0809274423221
APEX;PUCCINI/MESSA DA G.;0809274869227
APEX;PURCELL/FUNERAL MUSI;0809274869326
APEX;REINECKE-CONCERTO FO;0825646236220
APEX;ROSSI-LACANTERINE RO;0825646178223
APEX;SAMPLER & CATALOGUE;0825646187928
APEX;VARIOUS/CARMINA BURA;0825646208425
APEX;VILLA LOBOS/BACH.BRA;0809274904720
APEX;WAGNER / DAS RHEINGO;0825646152322
APEX  JANKOWSKIFLORE;NT SCHMITT: TRA;0825646276424
APEX - OPERA HIGHLIG;BARENBOIM-ORCHESTER;0825646152421
APEX - OPERA HIGHLIG;GOUNOD : FAUST;0825646151622
APEX - OPERA HIGHLIG;MOZART : IDOMENEO;0825646151929
APEX - OPERA HIGHLIG;MOZART : LA CLAMENZA;0825646151820
APEX - OPERA HIGHLIG;VERDI:RIGOLETTO/CARL;0825646152223
APEX  THOMAS ZEHETMA;MOZART: VIOLIN CONCE;0825646432929
APEX BAUMANN, JÖRG;SCHUBERT : OCTET, D;0825646998418
APEX BORIS BEREZOVSK;SCHUBERT : SYMPHONIE;0825646989652
APEX BOULEZ, PIERRE;SCHOENBERG: PELLEAS;0825646998456
APEX CLAUDIO SCIMONE;CLEMENTI: SYMPHONIES;0825646276226
APEX ELIAHU INBAL;STRAVINSKY: PETROUCH;0825646437726
APEX ENSEMBLE A SEI;CARLO GESUALDO: RESP;0825646278220
APEX GIDON KREMER, V;SILVESTROV : DEDICAT;0825646989638
APEX JENNIFER LARMOR;AMORE PER ROSSINI;0825646989584
APEX KELLER QUARTET;BARTOK: STRING QUART;0825646268627
APEX KLEMETTI INSTIT;RAUTAVAARA:CANTUS;0825646989089
APEX MARKOV, ALEXAND;PAGANINI: VIOLIN CON;0825646998722
APEX MENDELSSOHN;PSALMS 42,95&115,98,;0825646169221
APEX MOZART;REQUIEM/CORONATION M;0825646159222
APEX PIERRE BOULEZ +;IANNIS XENAKIS: PHLE;0825646420223
APEX RACHMANINOV;PIANO CTS NO. 2&3;0825646147120
APEX SCHUBERT;STABAT MATER, OFFERT;0825646168828
APEX TARTINI;3 VIOLIN CONCERTOS;0825646169320
APEX VARIOUS;VANITAS VANITATUM RO;0825646168729
APEX/ALAIN;FRANCK/ORGAN WORKS;0825646142828
APEX/ANDRE,PAILLARD;PACH:CONCERTO FOR TRUMPET/SYMP;0809274998026
APEX/BORODIN QUARTET;BRAHMS/STRING QUARTETS NO.1+3;0809274998521
APEX/BORODIN QUARTET;RUSSIAN MINIATURES;0809274981523
APEX/BOULEZ/BBC SINGERS&SO;BOULEZ:PLI SELON PLI/LE VISAGE;0825646208326
APEX/BOULEZ/ONF;STRAVINSKY:CHANT DU ROSSIGNOL/;0825646208821
APEX/BUTT;BRITTEN/CELLO SUITES;0825646049325
APEX/CONLON;LISZT/A FAUST SYMPHO;0825646146024
APEX/CONLON;LISZT/CHRISTUS;0825646116720
APEX/CONLON;LISZT/DANTE SYMPHONY;0809274981622
APEX/CONSORT;PURCELL/ANTHEMS;0825646082124
APEX/CONSTANT;HINDEMITH/SATIE;0825646023929
APEX/CONSTANT;MESSIAEN/DES CANYONS;0825646042722
APEX/CORBOZ;MONTEVERDI/VESPRO DE;0825646142927
APEX/CORBOZ;SCARLATTI/MISSA AD U;0825646052226
APEX/CORBOZ;SCHUMANN/REQUIEM FOR MIGNON/MA;0809274997722
APEX/CROSSLAND,JILL;BACH:GOLDBERG VARIATIONS;0809274997920
APEX/DAVIS, LITTLE;VAUGHAN WILLIAMS/SYM;0809274958426
APEX/DURUFLE;DURUFLE/REQUIEM OP 9;0825646113927
APEX/ENS.I-C.,BOULEZ;BOULEZ/SONATINE/PIANO SONATA1/;0809274998729
APEX/ESTONIA R.CHOIR;TORMIS/CHORAL WORKS;0809274987129
APEX/FATHER AMVROSY;RUSSIAN CHANTS;0825646016327
APEX/FELLNER;REUBKE/SCHUMANN/SON.;0809274953322
APEX/FOSTER;GERSHWIN/RHAPSODY IN;0825646081820
APEX/FREIRE;CHOPIN/SCHERZI ETC.;0825646126125
APEX/GARDINER;BACH/CANTATAS 4 &131;0809274957429
APEX/GARDINER;HANDEL/THE WAYS OF Z;0825646114221
APEX/GUSCHLBAUER;MOZART/CONCERTOS FOR;0825646082025
APEX/GUSCHLBAUER;MOZART/PIANO CONCTS.;0825646044825
APEX/HAKKILA;BEETHOVEN/COMPLETE W;0825646114429
APEX/HAKKILA;BEETHOVEN/COMPL.WORK;0825646062621
APEX/HARNONCOURT;BACH/UNACCOMP.CELLO;0825646081622
APEX/HARNONCOURT;BRAHMS/PIANO CONCTS.;0825646070725
APEX/HARNONCOURT;BRAHMS/PIANO CONC.1/;0825646037124
APEX/HARNONCOURT;FUX/MUSIC OF THE HAP;0825646044924
APEX/HARNONCOURT;HAYDN/SYMPS.30, 53,;0825646052028
APEX/HARNONCOURT;SCHMELZER/SONATAS;0825646036622
APEX/HARNONCOURT;STRAUSS/WALTZES,POLK;0809274998125
APEX/HAYDN TRIO WIEN;BEETHOVEN/PIANO TRIO;0825646136629
APEX/HEINONEN;SIBELIUS/PIANO PCS.;0825646011421
APEX/HELFFLER,ONF;MILHAUD/SYMPHONIES NO.4/8/PIAN;0809274998224
APEX/HOELSCHER;DVORAK/SYMP. 9;0809274991928
APEX/HOLL;SCHUBERT/LIEDER;0825646143122
APEX/HOLL;SCHUMANN/DICHTERLIEB;0825646137022
APEX/HORN;HANDEL/OPERA ARIAS;0825646051922
APEX/HUANG,MASUR;MOZART/PIANO CONCERTO21/1/CAPR;0809274998422
APEX/HUBEAU,MARDER;ONSLOW/QUINTET,SEXTU;0809274953629
APEX/INBAL;BRUCKNER/SYMPHONY NR.3;0825646000524
APEX/INBAL;BRUCKNER/SYMP.4;0825646137121
APEX/JORDAN;SPOHR/VIOLIN CONCERT;0825646042821
APEX/KANGAS,OCO;BACH,CPE/HAYDN/CELLO;0809274959423
APEX/KATSARIS;MOZART/FANTASIES&SON;0825646052127
APEX/KOOPMAN;BACH/BRANDENBURG;0825646136322
APEX/KOOPMAN, ABO;VAN WASSENAER/CONCER;0809274957122
APEX/KOOPMAN,ABO;MOZART/DIVERTIMENTI;0825646015320
APEX/LAGERSPETZ;GRIEG/LYRIC PIECES;0825646007028
APEX/LAZAREV;TCHAIKOVSKY/NUTCRACK;0825646082223
APEX/LEONHARDT;BACH/DOUBLE CONCERTO;0825646113729
APEX/LEONHARDT;TELEMANN/SONATAS & F;0825646036820
APEX/LINDENBERG;BRAHMS/SYMPS.3&4;0809274988027
APEX/LINDENBERG;TCHAIKOVSKY/SYMPHONIE NO.6;0809274960429
APEX/LUBIMOV;BRAH:4BALLADES/2RHAPSODIES/+;0809274998620
APEX/LUBIMOV,AIMARD;IVES/PIANO SONATA 2;0809274951526
APEX/LUBIMOV,SCHIFF;GORECKI/PIANO CONC.;0825646049127
APEX/MALIKIAN;PAGANINI/24 CAPRICES;0825646022021
APEX/MASUR;RIMSKY K./SCHEHERAZA;0825646037421
APEX/MASUR;TCHAIKOVSKY/SYMP.NO1;0825646114122
APEX/MASUR,GOL;MENDELSSOHN/SYMS.3&4;0809274981721
APEX/MASUR/GOL;SCHUMANN/SYMS. 2&3;0809274981424
APEX/MASUR,GOL,NYP;TCHAIKOVSKY/SYM.4;0809274954527
APEX/MENUHIN,LCO;SCHUBERT/MASSES 4&5;0825646030422
APEX/MINKOWSKI;MEHUL/SYMPHONIES 1&2;0809274953520
APEX/MUSTONEN;TELEMANN/QUARTETS;0825646063628
APEX/NAGANO;DELIBES/COPPELIA HLT;0825646036523
APEX/O'DONNELL;VARIOUS/CHORAL MUSIC;0825646044726
APEX/PAILLARD;BACH/ORCHESTRAL SUIT;0825646125722
APEX/PAILLARD;DE LALANDE/SYMPS.POU;0825646045020
APEX/PAILLARD;LULLY/TE DEUM;0825646136926
APEX/PIANCA,GUILLEME;LETTERA AMOROSA;0809274957320
APEX/PIRES;SCHUMANN/KINDERSZENE;0825646036325
APEX/QUATUOR VIA NOV;CHAUSSON/ROUSSEL/MAG;0825646136827
APEX/QUEFFELEC/COOP.;SCHUBERT/PIANO 4HAND;0809274981226
APEX/RASILAINEN;WAGNER/WEBER;0825646061921
APEX/ROLLA;BACH/4  HAMBURG SYMP;0825646036929
APEX/ROSTROPOVICH;SHOSTAKOVICH/SYM. 8;0809274985026
APEX/SCIMONE;VIVALDI/CONCTS.FOR M;0825646126422
APEX/SCIMONE;VIVALDI/FLUTE CONCER;0825646037322
APEX/SCIMONE;VIVALDI/OPERA OVERTU;0825646053728
APEX/SCIMONE,ISV;TARTINI/VIOLIN CONCS;0825646015221
APEX/SCIMONE,ISV;VIVALDI/VIOLIN CONCS;0825646015023
APEX/SOLOISTS;SCHUTZ/SINFONIAE SAC;0825646114320
APEX/TACHEZI;VARIOUS/BAROQUE ORGA;0825646052523
APEX/TACHEZI;VARIOUS/RENAISSANCE;0825646044627
APEX/TATENO;SEVERAC/PIANO PIECES;0825646062522
APEX/TATENO;TAKEMITSU/PIANO WORK;0825646062423
APEX/TRIO FONTENAY;BEETHOVEN/PIANO TRIO;0825646036424
APEX/TRIO SONNERIE;ENGLISH CHAMBER MUSIC OF THE17;0809274997623
APEX/TURNOVSKY;MARTINU/SYMPHONY NR.4/TRE RICE;0809274982223
APEX/ULLMANN;HINDEMITH/ORGAN CONC;0825646022724
APEX/VARIOUS;TÜÜR/SYM.2,CONVERSIO;0825646011520
APEX/VIOTTI QUARTET;SAINT-SAENS/STRING Q;0825646142620
APEX/WOYTOWICZ,BOUR;GORECKI/SYMPHONY 3;0809274982124
APEX/ZEHETMAIR;BRAHMS/VIOLIN CONC.;0809274959225
APEX/ZEHETMAIR;DVORAK/SCHUMANN/VLN.;0809274951724
AQUALUNG;STILL LIFE;5050467185227
AQUALUNG;STRANGE AND BEAUTIFUL;5050466069825
ARAD/STREICHER/HAYDN-TRIO/U.A.;SCHUBERT,F.:FORELLENQUIN./U.A.;0090317478326
ARASH;ARASH;5050467697720
ARASH;BORO BORO;5050467489424
ARCHIVE;LIGHTS;0825646333028
ARCHIVE;LIGHTS - COLLECTOR;0825646341122
ARCHIVE;NOISE - CD + DVD;0825646143528
ARCHIVE;YOU ALL LOOK THE SAM;0809274833150
ARDITTI QUARTET/NASH ENSEMBLE/;BIRTWISTLE:PULSE SHADOWS;0639842686723
ARENA DI VERONA;AIDA;0706301938935
ARENA DI VERONA;IL TROVATORE;0745099921521
ARENA DI VERONA;MADAME BUTTERFLY;0745099922030
ARENA DI VERONA;NABUCCO;0706301939031
ARENA DI VERONA;TOSCA;0745099921934
ARENA DI VERONA;TURANDOT;0745099921736
ARGERICH/FAERBER/BARENBOIM/WUE;MOZART:PIANO CONC.NO.10&20;0745099840723
ARGERICH,HARNONCOURT/COE;BEETHOVEN:PIANO CONCERTOS;0706301314029
ARGERICH/KREMER/HARNONCOURT/CO;SCHUMANN:VIOLIN +KLAV KON;0745099069629
ARGERICH,MARTHA;ARTIST PORTRAIT;0825646158928
ARGERICH/RABINOVICH;BRAHMS:VAR/SONA/WALZ;0745099225728
ARGERICH/RABINOVICH;MOZART:SON/AND + 5 VAR;0745099137823
ARGERICH/RABINOVICH;RACHMANINOFF,S.:SUITE NR.1, M.;0090317471723
ARGERICH/RABINOVICH;RAVEL/DUKAS/STRAUSS: DER ZAUBE;0745099643522
ARIEL;A 9/;0685738317103
ARNOLD SCHOENBERG CHOR;SCHU:COMPLETE SECULAR CHORAL W;0825646983940
ART ENSEMBLE OF CHICAGO;BAP-TIZUM(LIVE AT ANN ARBOR);0075678075728
ARTFUL DODGER;IT'S ALL ABOUT THE STRAGGLERS;0809274045225
ARTFUL DODGER FEAT, MICHELLE E;THINK ABOUT ME (ARTFUL DODGER;0685738754403
ARTFUL DODGER FEAT. MICHELLE E;THINK ABOUT ME/WHAT YOU GONNA;0685738754304
ARTFUL DODGER,THE;IT'S ALL ABOUT THE STRAGGLERS;0685738597123
ARTFUL DODGER,THE;PLEASE DON#T TURN ME ON;0685738595808
ARTO NORAS/JUHANI LAGERSPETZ;BRAHMS/SCHUMANN/SON.1&2/FANTAS;0809274059826
ARTO NORAS/NRO/RASILAINEN;SHOSTAKOVICH/STRAUSS/CELLO CON;0809274060426
ASH;FREE ALL ANGELS;5050466956323
ASH;INTERGALACTIC SONIC SEVENS;5050466956422
ASH;LIVE AT THE AKASAKA;5050466822529
ASH;MELTDOWN;5050467319721
ASH;NU-CLEAR SOUNDS;5050466806628
ASH;TWILIGHT OF THE INNOCENTS;0825646985654
ASH;1977;5050466966124
ASHKENAZY,V./SWEDISH RADIO SO;SIBELIUS,J.:EARLY YEARS&MATURI;0090317637365
ASIAN DUB FOUNDATION;COMMUNITY MUSIC;0685738204229
ASIAN DUB FOUNDATION;NEW WAY,NEW LIFE;0685738261505
ASIAN DUB FOUNDATION;RAFI'S REVENGE;0639842819329
ASSAD BROTHERS;SERGIO&ODAIR ASSAD PLAY PIAZOL;0075597963229
ASSAD,S. U. O.;LATEINAMERIK.MUSIK F.2GITARREN;0075597911626
ASSOCIATION;JUST THE RIGHT SOUND-THE ANTHO;0081227359126
ATAXIA;AUTOMATIC WRITING;0093624884521
ATAXIA;AUTOMATIC WRITING;0093624884514
ATLANTIC STARR;.LL IN THE NAME;0075992556026
ATOMIC FIREBALLS,THE;TORCH THIS PLACE;0075678316722
AUDIO ACTIVE;RETURN OF THE RED 1;0639842726023
AUDIO ACTIVE;SLACED DOLLS;0685738372720
AUSTIN CITY LIMITS FESTIVAL;AUSTIN CITY LIMITS FESTIVAL;0603497046126
AVENGED SEVENFOLD;AVENGED SEVENFOLD;0093624992011
AVENGED SEVENFOLD;CITY OF EVIL;0093624861324
AYERS,ROY;DADDY BUG;0075679306425
AYERS,ROY;STONED SOUL PICNIC;0081227358822
AYERS,ROY;VIRGO VIBES;0081227358525
AYMAN;HOCHEXPLOSIV;0685738229024
AYMAN FEAT. KEITH SWEAT;DIESER BRIEF;0685738552207
AZEMA,ANNIE;UNICORN,THE;0825646255023
AZTEC CAMERA;BEST OF;0639842898423
AZTEC CAMERA;KNIFE;0022924048326
AZTEC CAMERA;LOVE;0022924220227
AZTEC CAMERA;PLATINUM COLLECTION DEEP AND;5051011040320
BABELFISH;BABELFISH;0075678087622
BACH,SEBASTIAN;BRING EM BACH ALIVE;0075678097829
BACK DOOR;BACK DOOR;0093624775928
BACK DOOR;8TH STRET NITES;0093624776123
BACKYARD BABIES;TOTAL 13;0639842274623
BAD COMPANY;BAD COMPANY/REMASTER;0075679244123
BAD COMPANY;BURNING SKY/REMASTER;0075679245021
BAD COMPANY;COMPANY OF STRANGERS;0075596180825
BAD COMPANY;DANGEROUS AGE;0075678188428
BAD COMPANY;DESOLATION ANGELS/REMASTER;0075679245120
BAD COMPANY;ROUGH DIAMONDS/REMASTER;0075679245229
BAD COMPANY;RUN WITH THE PACK/REMASTER;0075679243522
BAD COMPANY;STONES TOLD AND UNTOLD;0075596197625
BAD COMPANY;STRAIGHT SHOOTER/REMASTER;0075679243621
BAD COMPANY;THE ORIGINAL BAD CO.ANTHOLOGY;0075596239127
BAD COMPANY;10 FROM 6;0075678162527
BAD MANNERS;SPECIAL BREW;5051011047329
BADFINGER;BADFINGER;0075992653923
BADFINGER;WISH YOU WERE HERE;0075992654029
BAKER,ANITA;A NIGHT OF RAPTURE-LIVE;0081227814427
BAKER,ANITA;COMPOSITIONS;0075596092227
BAKER,ANITA;GIVING YOU THE BEST THAT I'VE;0075596082723
BAKER,ANITA;RAPTURE;0075596044424
BAKER,ANITA;RHYTHM OF LOVE;0075596155526
BAKER,ANITA;SONGSTRESS;0075596111621
BAKER,ANITA;SWEET LOVEE:THE VERY BEST OF;0081227360320
BAKER,JANET;FULL CIRCLE;5051011485527
BAKER,LAVERN;PLATINUM COLLECTION;0081227999551
BAKER/LEPPARD;GLUCK:ORPHEO ED EURIDICE;0706301380598
BALANCHINE/NEW YORK CITY BALLE;DANCE IN AMERICA;0075597983920
BALANCHINE/NEW YORK CITY BALLE;TZIG:THE FOUR TEMPERAMENTS;0075597983821
BALLET TEATRO EPSANOL DE RAFAE;CARMEN FLAMENCO;5050466253620
BANANARAMA;GREATEST HITS;0639842819428
BANANARAMA;PLATINUM COLLECTION;5051442008128
BANANARAMA;PLATINUM COLLECTION REALLY SAY;5051011047428
BAND, THE;LAST WALTZ;0081227826093
BARACUDA;I LEAVE THE WORLD TODAY;5050466642523
BARBIERI/RAIMONDI/NERI/QUESTA/;DONI:LA FAVORITA;0809274361752
BARBIROLLI/BEECHAM/BERNSTEIN;ART OF CONDUCTING,THE;0745099503833
BARBIZET,P.;CHABRIER:KLAVIERWERKE;0745099530921
BARENAKED LADIES;BARELAKED NADIES;0075993854626
BARENAKED LADIES;BORN ON A PIRATE SHIP;0093624637127
BARENAKED LADIES;DISC ONE:ALL THEIR GREATEST HI;0093624807520
BARENAKED LADIES;EVERYTHING TO EVERYONE;0093624820994
BARENAKED LADIES;IT'S ALL BEEN DONE/BRIAN WILSO;0093624467021
BARENAKED LADIES;MAROON;0093624781424
BARENAKED LADIES;MAROON;0093624781493
BARENAKED LADIES;MAYBE YOU SHOULD DRIVE;0093624570929
BARENAKED LADIES;PINCH ME (ALBUM VERS.)/IN LINE;0093624492924
BARENAKED LADIES;STUNT;0093624696322
BARENBOIM;ARGENTINE TANGOS;0706301347423
BARENBOIM;BACH,J.S.:GOLDBERG-VARIATIONEN;0022924546822
BARENBOIM;BEETHOVEN:DIABELLI VARIATIONEN;0745099481025
BARENBOIM;BEETHOVEN/LISZT/U.A.:PATHETIQU;0685738213320
BARENBOIM;BEET:SYMPHONY NO.1&2;0685738308521
BARENBOIM;BEET:SYMPHONY NO.3;0685738306022
BARENBOIM;BEET:SYMPHONY NO.4&5;0685738289127
BARENBOIM;BEET:SYMPHONY NO.6;0685738306121
BARENBOIM;BEET:SYMPHONY NO.7&8;0685738306220
BARENBOIM;BEET:SYMPHONY NO.9;0685738306329
BARENBOIM;DER RINGE DER NIBELU;0825646231720
BARENBOIM;LEONORE&FIDELIO OVER;0825646189021
BARENBOIM;LISZT:FAUST SYMPHONY;0639842294829
BARENBOIM;MOZART/PIANO CONCERT;0825646191925
BARENBOIM;MOZART,W.A.:KLAV.KON.20-27;0090317202426
BARENBOIM;SINFONIAS;0825646189120
BARENBOIM;SINFONIAS VARIACION;0825646189229
BARENBOIM;WAGNER:DER RING;0825646209125
BARENBOIM;WAGNER:SIEGFRIED;0706301382295
BARENBOIM, DANIEL;BIRTHDAY EDITION - T;0825646984602
BARENBOIM, DANIEL;J.S. BACH - WELL TEM;0825646194025
BARENBOIM, DANIEL;WELL TEMPERED CLAVIE;0825646155323
BARENBOIM/BARTOLI/TOMLINSON/BP;MOZART:OPERNHIGHLIGHTS COSI FA;0685738213221
BARENBOIM/BAYREUTH;WAGNER:SIEGFRIED;0825646232024
BARENBOIM/BAYREUTH;WAGN:GÖTTERDÄMMERUNG;0825646151325
BARENBOIM/BAYREUTH FESTSPIEL;WAGNER:DER FLIEGENDE HOLLAENDE;0745099749125
BARENBOIM/BERLINER STAATSKAPEL;WAGN:TANNHAEUSER;0685738806423
BARENBOIM/BP;BRUCKNER:SYMPHONY NR2;0639842148528
BARENBOIM/BP;MOZART:KLAVIERKONZ.NR.20-23;0685738178926
BARENBOIM/BP;MOZART:OIANO CONC.NO.20-23;0706301895627
BARENBOIM/BP;MOZART:PIANO CONC.NO.11-13;0706301316221
BARENBOIM/BP;MOZART:PIANO CONC.NO.24-27;0639842103725
BARENBOIM/BP;MOZART:PIANO CONC.5,6&8;0639842148320
BARENBOIM/BP;MOZART:PIANO CON.14-16;0706301682722
BARENBOIM/BP;WAGNER:TRISTAN+ISOLDE;0745099456825
BARENBOIM/BP/CUBERLI/+;MOZART:HIGHLIGHTS COSI FAN TUT;0745099482121
BARENBOIM/BP/CUBERLI/+;MOZART:HIGHLIGHTS DON GIOVANNI;0745099482329
BARENBOIM/BP/CUBERLI/+;MOZART:HIGHLIGHTS FIGARO;0745099482220
BARENBOIM/BPO;BRUCK:SYMPHONY NO.9;0809274674623
BARENBOIM/BYRON/CSO;ELLINGTON AMONG FRIENDS;0639842525220
BARENBOIM/CSO;BERLIOZ/RAVEL:ORCHESTRAL WORKS;0685738212125
BARENBOIM/CSO;BRAHMS,MENDELSSOHN:CONC.F.VIOL;0706301587027
BARENBOIM/CSO;BRAHMS:SINF 1-4;0745099481728
BARENBOIM/CSO;BRAHMS:SI.NR.2;0745099519223
BARENBOIM/CSO;BRAHMS:SI.NR.4;0745099519421
BARENBOIM/CSO;MAHLER:SYMPHONY NR5;0639842332828
BARENBOIM/CSO;PETERSON:AFRICAN PORTRAITS;0745099880224
BARENBOIM/CSO;SCHOENBERG:VERKLAERTE NACHT;0745099825621
BARENBOIM/CSO;STRAUSS,R.:SYMPHONIC POEMS U.A;0685738213023
BARENBOIM/CSO;STRAVINSKY,PROKOFIEV:VIOL.CON.;0745099825522
BARENBOIM/CSO;TCHAIKOVSKY:SYM.NO.4, ROMEO&JU;0706301369821
BARENBOIM/CSO;TCHAIKOVSKY:SYMPHONIE NO.5;0706301090428
BARENBOIM/CSO;TSCHAIKOWSKY U.A.:SYMPH.NR.6 U;0685738212729
BARENBOIM/CSO;TSCHAIKOWSKY/BEETHOVEN:SYM NR6;0639842148627
BARENBOIM/CSO;VARIOUS:LE SACRE DU PRINTEMPS+;0685738170227
BARENBOIM/CSO;WAGNER:OVERTURES;0745099959593
BARENBOIM/CSO;WAGNER,R.:PRELUDES&OVERTURES 2;0639842422420
BARENBOIM/CSO;YANNIBAL/BERIO/U.A.:CSO COMISS;0685738179220
BARENBOIM/CSO/MEIER/+;BEETHOVEN:MISSA SOLEMNIS;0745099173128
BARENBOIM/CSO/SKB;WAGNER:OVERTURES&PRELUDES;0685738179121
BARENBOIM,DANIEL;ALBENIZ:IBERIA/ESPANA;0685738170326
BARENBOIM,DANIEL;MAHLER:SYMPHONY NO.;0825646296323
BARENBOIM,DANIEL;TCHAIKOVSKY/VERDI/SIBELIUS;0825646219025
BARENBOIM,DANIEL;WAGN:TRISTAN UND ISOLDE(HIGHLI;0825646150526
BARENBOIM,DANIEL/CSO;FURTWAENGLER:SYMPHONIE NO.2;0809274349521
BARENBOIM,DANIEL/KUPFER,H.;WAGN:WALKÜRE,DIE;0825646231928
BARENBOIM,D./BERLINER PH.;MOZART,W.A.:KLAV.KON.24&25;0090317571522
BARENBOIM,D./CHICAGO SY.OR.;STRAUSS,J.:WALZER U.POLKAS;0022924599828
BARENBOIM,D./CHICAGO SY.OR.;STRAUSS,R.:ALPENSI./+;0022924599729
BARENBOIM/DOMINGO/CSO;VERDI:REQUIEM;0745099635725
BARENBOIM,D./OR.BAYREUTH/SECUN;WAGNER,R.:DIE WALKUERE;0745099118624
BARENBOIM,D./OR.BAYREUTH/SECUN;WAGNER,R.:DIE WALKUERE;0745099112363
BARENBOIM,D./OR.BAYREUTH/TOMLI;WAGNER,R.:DAS RHEINGOLD;0745099118525
BARENBOIM,D./SKB;BEETHOVEN:SY NR.9;0745099450625
BARENBOIM/DU PRE;DVORAK/SAINT-SAENS:CELLO CONCE;0685738534029
BARENBOIM/EVANS,HOELLE/OBF;WAGNER,R.:DIE WALKUERE-HIGHLIG;0745099790721
BARENBOIM/FESTSPIELORCH.BAYREU;WAGNER:DIE MEISTERSINGER VON N;0639842933322
BARENBOIM/JERUSALEM/EVANS/OBF;WAGNER:GREAT SCENES FR.THE RIN;0685738179022
BARENBOIM,LUPU;SCHUBERT:WORKS FOR PIANO 4HAND;0706301714621
BARENBOIM/MEIER,JERUSALEM/OBF;WAGNER,R.:PARSIFAL-HIGHLIGHTS;0745099791025
BARENBOIM/NASCIMENTO/BAPTISTA;BRAZILIAN RHAPSODY;0639842148221
BARENBOIM/OBF;WAGN:DIE WALKUERE/HIGHLIGHTS;0809274141026
BARENBOIM/OR BAYREUTH;WAGNER:GOETTERDAEMMERUNG;0745099419424
BARENBOIM/OR BAYREUTH;WAGNER:SIEGFRIED;0745099419325
BARENBOIM/SB;WAGNER:LOHENGRIN;0639842148429
BARENBOIM/SKB;BEETHOVEN:SYMPH.NR.1&2;0685738308590
BARENBOIM/SKB;BEETHOVEN:SYMPH.NR.3;0685738306091
BARENBOIM/SKB;BEETHOVEN:SYMPH.NR.4&5;0685738289196
BARENBOIM/SKB;BEETHOVEN:SYMPH.NR.6;0685738306190
BARENBOIM/SKB;BEETHOVEN:SYMPH.NR.7&8;0685738306299
BARENBOIM/SKB;BEETHOVEN:SYMPH.NR.9;0685738306398
BARENBOIM/STAATSKAP.;WAGNER/DER FLIEGENDE;0685738806324
BARENBOIM+STAATSKAPELLE;MAHL:SYMPHONY NO.9;0825646431625
BARENBOIM/STAATSKAPELLE BERLIN;BUSONI:DIE BRAUTWAHL;0639842525022
BARENBOIM/STAATSKAPELLE BERLIN;STRAUSS:ELEKTRA;0745099917524
BARENBOIM/STAATSOPER KAPELLE;BERG:WOZZECK;0706301410820
BARENBOIM-WEDO-CHOR;BEETHOVEN SYMPH. NO.;0825646392728
BAR-KEYS, THE;SOUL FINGER;0081227029821
BARTOK;BARTOK FOR CHILDREN;0825646218820
BARTOLI,CECILIA;MOZART:ARIAS&DUETS;0706301407424
BARTOLI/HARNONCOURT/CMW;HAYD:BERENICE CHE FAI;0685738971022
BARTOLI/SCHAEFER/WIDMER/HARNON;HAYDN:ARMIDA;0685738110827
BARTOLI/SERRA/MATTEUZZI/+;ROSS:LA SCALA DI SETA;0809274330727
BASS/FONTELLA;BASS:NO WAYS TIRED;0075597935721
BASSHUNTER;BOTEN ANNA;5051011473029
BASSHUNTER;LOL CHRISTMAS EDITION;5051011823923
BAUMANN;BACH:SUITES FOR CELLO NO.1-6;0706301233320
BAUMANN/CLEVENGER/SCHROEDER/RO;DIVERSE:VIRTUOSES HORN;0745099452520
BAUMANN/SCHROEDER/CA;HAYDN/DANZI/ROSETTI:HORN CONC.;0706301232422
BAUMANN/STOLL;CLASSICS FOR CELLO&DOUBLE BASS;0825646229826
BAUMONT;AMERICAN WORKS FOR HARPSICHORD;0685738580026
BAUMONT/HARPSICHORD;COUPERIN:BOOK 1 FOR HARPSICHOR;0706301069424
BAUMONT/HARPSICHORD;PURCELL:HARPSICHORD PIECES (17;0706301069523
BAUMONT/MORONEY;COUPERIN:CEMBALOWERKE VOL.2;0745099636425
BAUMONT,O.;COUPERIN,F.:CEMBALOSTUECKE V.3;0745099285920
BAUMONT,OLIVIER;COUP:CEMBALO WERKE;0809274980823
BAUMONT,OLIVIER;COUPERIN,F.:CEMBALO STUECKE;0022924582424
BBC WW 2004 PROMS SEASON;BARTOK:DUKE BLUEBEARDS CASTLE;0825646195329
BBCSO;ELGAR/ENIGMA/INTRO&ALLEGRO/SER;0809274137128
BBCSO/DAVIS;BRITTEN,B.:YOUNG PERSONS ...;0090317312620
BBCSO/DAVIS;ELGAR,E.:SY.NR.2 U.A.;0090317488820
BBCSO/DAVIS;WILLIAMS,R.V.:SY.NR.3/U.A.;0090317312729
BBMAK;INTO YOUR HEAD;0824678004722
BEAT, THE;PLATINUM COLLECT;5051011184925
BEATSTEAKS;LIMBO MESSIAH;5051442012026
BEAT,THE;I JUST CAN STOP IT;0639842794329
BEAT,THE;SPECIAL BEAT SERVICE;0639842794428
BEAUSOLEIL;L'ECHO;0081227180829
BEAUTIFUL WORLD;IN EXISTENCE;0745099512026
BEAUTIFUL WORLD;IN EXISTENCE (REMAST;5050466880123
BEAUX ARTS TRIO;SHOSTAKOVITCH: TRIOS;0825646251421
BEE GEES;CHILDREN OF THE WORLD;0081227760328
BEE GEES;E.S.P.;0075992554121
BEE GEES;GREATEST HITS-JEWEL;0081227996376
BEE GEES;GREATEST HITS-THE RECORD;0081227765224
BEE GEES;HIGH CIVILIZATION;0075992653022
BEE GEES;HORIZONTAL;0081227411923
BEE GEES;IDEA;0081227412128
BEE GEES;IF I CAN'T HAVE YOU;0081227995218
BEE GEES;ONE;0075992588720
BEE GEES;ONE NIGHT ONLY;0081227760526
BEE GEES;SATURDAY NIGHT FEVER;0081227998332
BEE GEES;SPIRITS HAVING FLOWN;0081227760724
BEE GEES;STUDIO ALBUMS 67-68,THE;0081227411725
BEE GEES;1ST;0081227476625
BEECHAM,SIR THOMAS/CSO;BEECHAM IN CHICAGO VOL.1;0685738409532
BEECHAM,SIR THOMAS/CSO;BEECHAM IN CHICAGO VOL.2;0685738409631
BELA FLECK&THE FLECKTONES;THE BLUEGRASS SESSIONS;0093624733225
BELOVED;PLATINUM COLLECTION SUN SHININ;0825646262625
BELOVED,THE;CONSCIENCE;0745099148324
BELOVED,THE;SILENT FILE-BEST OF...;0706301993224
BEN WEBSTER;THE WARM MOODS;0081227372125
BENATAR,PAT;LIVE IN NEW HAVEN;0081227565923
BENET,ERIC;A DAY IN THE LIFE;0093624737025
BENET,ERIC;TRUE TO MYSELF;0093624627029
BENET,ERIC FEAT. FAITH EVANS;GEORGY PORGY/;0093624461203
BENSON, GEORGE;BIG BOSS BAND;0075992629522
BENSON, GEORGE;BREEZIN';0075992733427
BENSON, GEORGE;COLLECTION;0075992357722
BENSON, GEORGE;IN FLIGHT;0075992730822
BENSON, GEORGE;IN YOUR EYES;0075992374422
BENSON, GEORGE;LOVE REMEMBERS;0075992668521
BENSON, GEORGE;TWICE OF LOVE;0075992570527
BENSON, GEORGE;WHILE THE CITY SLEEPS;0075992547529
BENSON, GEORGE;20/20;0075992517829
BENSON, GEORGE/KLUGH, EARL;COLABORATION;0075992558020
BENSON,GEORGE;ANTHOLOGY;0081227993429
BENSON,GEORGE;BREEZIN';0081227671327
BENSON,GEORGE;BREEZIN';0081227671594
BENSON,GEORGE;GIVE ME THE NIGHT;0075992740623
BENSON,GEORGE;GIVE ME THE NIGHT;0075992740616
BENSON,GEORGE;THE GREATEST HITS OF ALL;0081227369026
BENSON,GEORGE;WEEKEND IN L.A.;0075992734325
BERENGER,XAVIER;ANDIN MUSIC;0685738023622
BERESOVSKY/SUWANEI/U.A.;WINNER'S GALA-GES.AUFNAHME;0090317267432
BEREZOVSKY/;MUSSORGSKY/BALAKIRV:PICTURES/+;0745099651626
BEREZOVSKY/;RAVEL:LA VALSE;0745099453923
BEREZOVSKY, BORIS;HINDEMITH;0825646341221
BEREZOVSKY, BORIS;TCHAIKOVSKY/ KHACHAT;0825646307425
BEREZOVSKY,B.;SCHUMANN,R.:DAVIDSBUENDLERTAEN;0090317747620
BEREZOVSKY/MASUR/NYP;SCHUBERT/LISZT:WANDERER FANTAS;0706301713327
BERG, ALBAN;WOZZECK-STAATSKAPELL;0825646974276
BERG,A.;LULU/GLYNDEBOURNE;0706301553336
BERGANZA/OC+CHOR/CORBOZ;DURUFLE,M.:REQUIEM,MOTETTEN;0022924523021
BERGE,BJORN;BLUES HIT ME;0639842542524
BERGER,MICHEL;AU ZENITH;0022924096426
BERGER,MICHEL;DOUBLE JEU;0745099006945
BERGER,MICHEL;LES PLUS BELLES CHANSON;0639842359320
BERGER,MICHEL;LES PLUS BELLES CHANSONS;0639842359344
BERGLUND/COE;SIBELIUS:SYM.NO.1,2&3;0639842338820
BERGLUND/COE;SIBELIUS:SYM.NO.1-7;0639842338929
BERGLUND/COE;SIBELIUS:SYMPHONIES 4+6;0706301495124
BERGLUND/COE;SIBELIUS:SYM.5&7;0706301727829
BERLIN SOLISTS;BRAH:CLARINET QUINTETS;0809274435026
BERLIN SOLISTS;PROK:QUINTET/OVERTURE ON HEBRE;0809274439529
BERLIN SOLOISTS;MOZART/BEETHOVEN:HORN QUINTET/;0685738908028
BERLINER SOLISTEN;SCHUBERT,F.:OKTETT F-DUR,D 803;0745099144821
BERLIOZ;SYMPHONIE FUNEBRE ET;0825646218325
BERNSTEIN;PEKINELS;0825646211821
BEST,PETE;PETE BEST OF THE BEATLES;5051011642029
BEY,ANDY;EXPERIENCE&JUDGEMENT;0081227367626
BIANCO, MATT;PLATINUM COLLECTION BEST OF;0090317259055
BIFFY CLYRO;PUZZLE;0825646997633
BIG AND RICH;HORSE OF A DIFFERENT COLOR;0093624852025
BIG BANG;CLOUDS ROLLING BY;0685738442720
BIG COUNTRY;FINAL FLING;0825646310326
BIG DADDY KANE;THE VERY BEST OF;0081227991920
BILL EVANS;YOU MUST BELIEVE IN;0081227371920
BILLY TALENT;BILLY TALENT;0075678361425
BILLY TALENT;BILLY TALENT II;0075678394126
BINKLEY/STUDIO D FRUEHEN MUSIK;VARIOUS:TROUBADOURS/MINNESONGS;0745099793821
BINKLEY/STUDIO DER FRUEHEN MUS;LLIBRE VERMELL/LE JEU DE ROBIN;0639842170925
BINKLEY/STUDIO DER FRUEHEN MUS;VARIOUS:PEASANT,DANCE AND STRE;0639842180429
BINKLEY/STUDIO D.FRUEHEN MUSIK;DIV:CARMINA BURANA;0745099552121
BIOHAZARD;STATE OF THE WORLD ADDRESS;0093624559528
BIRD;YAMINEE;0685738298723
BIZET;CARMEN;0745099949433
BIZZARE;THE BIG BLACK;0685738537808
BLACK CROWES;AMORICA;5051011609220
BLACK CROWES;BY YOUR SIDE;5051011609428
BLACK CROWES;GREATEST HITS1990-1999/TRIBUTE;5051011609824
BLACK CROWES;LOST CROWES;0081227953720
BLACK CROWES;SHAKE YOUR MONEY MAKER;5051011609329
BLACK CROWES;SOUTHERN HARMONY&MUSICAL COMPA;5051011609626
BLACK CROWES;THREE SNAKES AND A CHARM;5051011609725
BLACK, ROY;ROSENZEIT;0090317495620
BLACK SABBATH;DIO YEARS,THE;0081227999247
BLACKFOOT;MARAUDER;0075679038524
BLACKMAIL;FOE;5050466692221
BLACK,ROY;GANZ IN WEISS;0639842902526
BLACK,ROY;STAR FESTIVAL/GANZ IN WEISS...;0745099930929
BLACKWOOD,RICHARD;MAMA-WHO DA MAN;0685738362301
BLADES,RUBEN;LIVE;0075596086820
BLAKEY,ART/MONK,THELONIOUS;JAZZ MESSENGERS;0081227360726
BLANCMANGE;SECOND HELPINGS-THE BEST OF;0685738194926
BLANKESTIJN/COE;VIVALDI:CONC.OP.8 NO.1-4(THE F;0685738909728
BLASI/EQUILUZ/WIENER SAENGERKN;BACH:H-MOLL-MESSE BWV232,243;0685738114924
BLAZIN' SQUAD;NOW OR NEVER;5050467036628
BLONDIE;LIVE BY REQUEST;5050467496828
BLOOD ARM,THE;LIE LOVER LIE;0825646408726
BLOODSIMPLE;A CRUEL WORLD;0093624900221
BLOODSIMPLE;RED HARVEST;0093624998402
BLOOM,LUKA;PLATINUM COLLECTION;0081227999339
BLOOM,LUKA;RIVERSIDE;0075992609227
BLOOM,LUKA;THE ACOUSTIC MOTORBIKE;0075992667029
BLOOM,LUKA;TURF;0093624560821
BLUE MAN GROUP;THE COMPLEX;0075678363122
BLUE MAN GROUP;THE COMPLEX ROCK TOUR LIVE;0085365313828
BLUE MAN GROUP FEAT.GAVIN ROSS;CURRENT,THE;0075678818929
BLUE RODEO;PALACE OF GOLD;0809274491527
BLUE,DAVID;SINGER SONGWRITER PROJECT;0081227356828
BLUES BROTHERS;BEST OF ...;0075678279027
BLUES BROTHERS;BEST OF ...;0075678279041
BLUES BROTHERS;BLUES BROS.;0075678278723
BLUES BROTHERS;BRIEFCASE FULL OF BLUES/REMAST;0075678278822
BLUES BROTHERS;COMPLETE BLUES BROTHERS;0075678084027
BLUES BROTHERS;MADE IN AMERICA;0075678278921
BLUES BROTHERS;THE DEFINITIVE COLLECTION;0075678242823
BLUES BROTHERS;VERY BEST OF;0075678062025
BLUES BROTHERS BD.;LIVE AT MONTREUX;0090317161426
BLUMFELD;GRAUE WOLKEN;0685738710201
BLUMFELD;TESTAMENT DER ANGST;0685738840120
BLUMFELD;TESTAMENT DER ANGST;0685738840113
BLUNT, JAMES;BACK TO BEDLAM;0075679345127
BLUNT,JAMES;ALL THE LOST SOULS;0075678997242
BLUNT,JAMES;ALL THE LOST SOULS;0075678996597
BLUNT,JAMES;BACK TO BEDLAM;0075678375255
BLUNT,JAMES;CHASING TIME:BEDLAM;0075679353023
BLUNT,JAMES;HIGH;0075679407221
BLUNT,JAMES;WISEMAN;0075679420428
BLUNT,JAMES;1973;0075678996771
B-MOVIE;PLATINUM COLLECT;0081227333928
BO DEANS;BEST OF BO DEANS:SLASH&BUURNS;0809274106520
BOCELLI, ANDREA;CREDO-POPE JOHN PAUL II;0825646336722
BODY COUNT;BODY COUNT;0093624513926
BOEGNER;HAYDN:PIANO SONATAS;0685738566327
BOEGNER,M.;CHOPIN:4 IMPROMPTUS/+;0745099457747
BOEYKENS/MEYER/DUCHABLE/CONLON;WEBER:CLARINET CONCERTO 1&2;0685738924622
BOF;MANDERLAY;3259130172140
BOLHOI BALLET;GLORY OF ...;0745099961633
BOLSHOI BALLET;A LIFE FOR THE TZAR;0745099205126
BOLSHOI BALLET IN TH;DIVERTISSEMENTS;5051011081620
BOLSHOI OPERA;BORIS GODUNOV;5051011185120
BOLSHOI OPERA;RUSSIAN OPERA AT THE BOLSHOI;5050467477223
BOLSHOI OPERA;THE MAID OF ORLEANS;0745099419127
BON JOVI;REAL LIFE/MUZZLE: BEEN HURT;0093624464525
BONICHE,LILI;IL N'Y A QU'UN SEUL;0639842956727
BONNEY;PORTRAIT OF BARBARA BONNEY;0706301147023
BONNEY;VARIOUS:LIEDER;0706301234020
BONNEY;VARIOUS:SACRED ARIAS;0706301234129
BONNEY U.A./CMW/HARNONCOURT;MOZART,W.A.:EXSULTATE,JUBILATE;0022924418020
BONNEY,B./HAGEGARDS/PARSONS,G.;WOLF,H.:ITAL.LIEDERBUCH;0090317230122
BONNEY/PARSONS;MENDELSSOHN,F.:LIEDER;0022924494628
BONNEY/PARSONS;MOZA:LIEDER;0809274673824
BONYNGE/LSO;DONIZETTI:LUCIA/HIGHLIGHTS;0745099369224
BONYNGE,R/LSO;DONI:LUCIA DI LAMMERMOOR;0825646150625
BOOKER T & THE MG'S;BEST OF...;0075678128127
BOOKER T & THE MG'S;GREEN ONIONS;0075678225529
BOOKER T & THE MG'S;HIP HUG HER;0081227101329
BOOKER T.&THE MG'S;PLATINUM COLLECTION;0081227999391
BOOTSY'S RUBBER BAND;THE NAME IS BOOTSY BABY;0075992297226
BOOTSY'S RUBBER BD;BOOTSY? PLAYER OF THE YEAR;0075992633529
BOOTSY'S RUBBER BD;STRETCHIN' OUT IN;0075992633420
BORG,KIM;DIV:ARIEN UND LIEDER;0745099560621
BORIS BEREZOVSKY;CHOPIN/GODOVSKY - ET;0825646225828
BORODIN QUARTET;SCHOSTAKOVICH:STRING QUARTETS;0745099841720
BORODIN QUARTET;TSCHAIKOWSKY,P.:STREICHQUARTET;0745099042226
BORODIN QUARTET/RICHTER;SCHUBERT:STREICHQUARTETT NO.14;0706301825327
BOSE,MIGUEL;BEST OF;0639842744621
BOSE,MIGUEL;DIRECTO 90;0090317452029
BOSE,MIGUEL;LABERINTO;0706301673126
BOSE,MIGUEL;LO MEJOR DE BOSE;0639842981248
BOSE,MIGUEL;LOS CHICOS NO LLORONA;0090317145228
BOSE,MIGUEL;LOS VIDEOS;0809274319425
BOSE,MIGUEL;THE BEST OF;0639842744645
BOSE,M./NAGANO, K.;PROKOFIEFF,S.:PETER & THE WOLF;0745099638924
BOSE,M./TORROJA,A.;GIRADOS EN CONCIERT0;0685738643929
BOSTON CAMERATA/COHEN;SIMPLE GIFTS/SHAKER MUSIC;0745099849122
BOULEZ;CARTER:OBOE CONCERTO;0685738922727
BOULEZ/AMOYAL;SCHOENBERG:PELLEAS AND MELISAN;0639842424127
BOULEZ/BBC/E/C;BOULEZ:ORCHESTERWERKE/+;0745099849528
BOULEZ/CSO/E/C;SCHOENBERG/BERIO/CARTER/+:;0745099849627
BOURGUE/ISV/SCIMONE;VIVALDI,A.:OBOENKON.;0022924520525
BOURNE/LLOYD JONES;TCHAIKOVSKY:SWAN LAKE;0706301645123
BOURNE,M.;SWAN LAKE;0706301589922
BOWMAN/EQUILUZ/CMW/HARNONCOURT;BACH:MATTHAEUS-PASSION BWV244;0685738114825
BOYZ,THE;BOYZ IN THE HOUSE;0639842127721
BOYZ,THE;NEXT LEVEL;0639842593021
BP/BARENBOIM;BRUCKNER,A.:SY.NR.9;0090317214023
BP/BARENBOIM;MOZART,W.A.:KLAV.KON.22-24;0090317366562
BP/BARENBOIM;MOZART,W.A.:KLAV.KON.9&17;0090317312828
BPO/HARNONCOURT/ROYAL CONCERTG;SCHU:SYMPHONY NO.9/SCHOENE MEL;0809274675026
BRAGG,BILLY&WILCO;MERMAID AVENUE;0075596220422
BRAGG,BILLY&WILCO;MERMAID AVENUE VOL.2;0075596252225
BRAIDS,THE;HERE WE COME;0075679274922
BRANCH,MICHELLE;ARE YOU HAPPY NOW?;0093624264026
BRANCH,MICHELLE;EVERYWHERE;0093624242727
BRANCH,MICHELLE;HOTEL PAPER;0093624850823
BRANCH,MICHELLE;THE SPIRIT ROOM;0093624798521
BRAND NEW HEAVIES;BROTHER SISTER;0639842824422
BRAND NEW HEAVIES;PLATINUM COLLECTION,THE;5051011303227
BRAND NEW HEAVIES;TRUNK FUNK-THE BEST OF...;0639842916424
BRAND NEW HEAVIES,THE;APPARENTLY NOTHING;0685738275809
BRAND NEW HEAVIES,THE;BRAND NEW HEAVIES;0639842824620
BRAND NEW HEAVIES,THE;HEAVY RHYME EXPERIENCE VOL.1;0685738102327
BRAND NEW HEAVIES,THE;SHELTER;0639842824521
BRANDIS QUARTET/BAUMANN;SCHUBERT/STRING QUARTET INC,D9;0809274083326
BRANDY;AFRODISIAC;0075678363320
BRANDY;ALMOST DOESN'T COUNT;0075678447426
BRANDY;ANOTHER DAY IN PARADISE;0685738771004
BRANDY;BEST OF BRANDY,THE;0081227466121
BRANDY;BRANDY;0075678261022
BRANDY;FULL MOON;0075678530623
BRANDY;FULL MOON;0075679311023
BRANDY;NEVER SAY NEVER;0075678303920
BRANDY;TALK ABOUT OUR LOVE;0075679325624
BRANDY;THE VIDEOS;0085365311237
BRANDY;U DON#T KNOW ME/;0075678464003
BRANDY;VIDEOS,THE;0085365311220
BRANDY;WHAT ABOUT US;0075678524226
BRANDY;WHAT ABOUT US;0075678524301
BRANDY FEAT. RAY J;ANOTHER DAY IN PARADISE;0685738738328
BRANDY FEAT. RAY J;ANOTHER DAY IN PARADISE;0685738750207
BRANIGAN, LAURA;BEST OF ...;0095483156122
BRANIGAN,LAURA;BEST OF ...;0075678275722
BRANIGAN,LAURA;PLATINUM COLLECTION;0081227085124
BRANIGAN,LAURA;SELF CONTROL;0075678014727
BRAUN,RICK;BODY AND SOUL;0075679274328
BRAUN,RICK;ESPERANTO;0093624828020
BRAUN,RICK;KISSES IN THE RAIN;0093624799429
BRAVE,DICK&BACKBEATS,THE;LIVE AT THE LIMELIGHT;5050467167728
BRAVE,DICK&THE BACKBEATS;DICK THIS!;5050466962928
BRAVE,DICK&THE BACKBEATS;TAKE GOOD CARE OF MY BABY;5050467143821
BRAXTONS,THE;SO MANY WAYS;0075678287527
BR/BARENBOIM;MOZART,W.A.:KLAV.KON.25-27;0090317366869
BREAD;ANTHOLOGY;0075596041423
BREAD;GUITAR MAN;0075596091824
BREAD;PLATINUM COLLECTION MAKE IT WI;0081227322724
BREAD+DAVID GATES;ESSENTIALS;0075596196123
BRIDGEWATER,DEE DEE;BAD FOR ME;0075596260022
BRIDGEWATER,DEE DEE;DEE DEE BRIDGEWATER;0075678076022
BRIDGEWATER,DEE DEE;JUST FAMILY;0075596271929
BRIGHTMAN,SARAH;EDEN;0639842549226
BRIGHTMAN,SARAH;EDEN&TIME TO SAY GOODBYE;0685738083329
BRIGHTMAN,SARAH;FLY(NEW VERSION);0706301725627
BRIGHTMAN,SARAH;FLY(NEW VERSION);0706301725641
BRIGHTMAN,SARAH;IN CONCERT AT THE ROYAL HALL;0639842140027
BRIGHTMAN,SARAH;IN CONCERT AT THE ROYAL HALL;0639842140034
BRIGHTMAN,SARAH;LA LUNA(NEW VERSION);0685738591527
BRIGHTMAN,SARAH;THE VERY BEST OF-1990-2000;0685738836222
BRIGHTMAN,SARAH;TIMELESS;0706301906620
BRIGHTMAN,SARAH&ANDREA BOCELLI;TIME TO SAY GODDBYE/;0706301725528
BRILLIANT,DANY;BEST OF;0639842721523
BRILLIANT,DANY;C'EST CA QUI EST BON;0090317547923
BRILLIANT,DANY;C'EST CA QUI EST BON;0090317547947
BRILLIANT,DANY;C'EST TOI;0745099401429
BRILLIANT,DANY;HAVANA;0706301472446
BRODSKY QUARTET;SHOSTAKOVICH:STRING QUARTETS 7;0685738909322
BRODSKY QUARTETT;SCHOSTAKOWITSCH,D.:STREICHQUAR;0090317170220
BRONSKI BEAT;AGE OF CONSENT;0639842819527
"BROOKS ; ELKIE";PEARLS;0825646316328
BROWN, NORMAN;TBD;0093624799528
BROWNE, JACKSON;I'M ALIVE;0075596152426
BROWNE,JACKSON;HOLD OUT;0075596032421
BROWNE,JACKSON;LATE FOR THE SKY;0075596032322
BROWNE,JACKSON;LAWYERS IN LOVE;0075596026826
BROWNE,JACKSON;LIVES IN THE BALANCE;0075596045728
BROWNE,JACKSON;LOOKING EAST;0075596186728
BROWNE,JACKSON;RUNNING ON EMPTY;0075596032520
BROWNE,JACKSON;SATURATE BEFORE USING;0075596062220
BROWNE,JACKSON;VERY BEST OF,THE;0081227809126
BROWNE,JACKSON;WORLD IN MOTION;0075596083027
BROWN,JACKSON;THE NEXT VOICE YOU HEAR-BEST O;0075596215220
BROWN,RUTH;PLATINUM COLLECTION;0081227999575
BROWN/U.A./MC/EBS/GARINER;LECLAIR,J.M.:SCYLLA & GLAUCUS;0022924527722
BRUBECK,DAVE;ALL THE THINGS WE ARE;0075678139925
BRUBECK,DAVE;ALL TOGETHER AGAIN;0075678139024
BRUBECK,DAVE;LAST SET AT NEW PORT;0075678138225
BRUEGGEN EDITION1;TELEMANN:RECORDER SON+FANTASIE;0745099368821
BRUEGGEN EDITION2;CORELLI/VIVALDI/+:ITLAIAN RECO;0745099366926
BRUSCON/DUNN/U.A./OTCB/CHAILLY;VERDI,G.:GIOVANNA D'ARCO;0090317147833
BSO CHAMBER PLAYERS;DVOR:STRING SEXTET IN A/SMETAN;0075597967920
B-TRIBE;SENSUAL SENSUAL;0639842330220
B-TRIBE;SUAVE SUAVE(NEW VERSION)/;0706301624227
BUBLE, MICHAEL;TOUR EDITION;0093624991113
BUBLÉ, MICHAEL;CALL ME IRRESPONSIBL;0093624999898
BUBLÉ, MICHAEL;CALL ME IRRESPONSIBL;0093624999874
BUBLÉ, MICHAEL;ITS TIME - SPECIAL;0093624899624
BUBLE,MICHAEL;CAUGHT IN THE ACT;0093624944423
BUBLE,MICHAEL;COME FLY WITH ME;0075993861020
BUBLE,MICHAEL;ITS TIME;0093624894629
BUBLÉ,MICHAEL;BUBLÉ,MICHAEL;0093624837626
BUBOLA,MASSIMO;DIAVOLI&FARFALLE;0685738019120
BUCHBINDER;BEETHOVEN,CZERNY ETC.:DIABELLI;0706301738825
BUCHBINDER;BEETHOVEN:FAMOUS PIANO SONATAS;0639842133623
BUCHBINDER;BEET:THE BAGATELLES;0809274082022
BUCHBINDER;HAYDN:THE COMPL.PIANO SONATAS;0706301735824
BUCHBINDER;HAYDN:VOL.3/PIANO SON.35-45,47;0706301736128
BUCHBINDER;HAYDN:VOL.4/PIANO SON.46,48-57;0706301736029
BUCHBINDER, RUDOLF;HAYDN: COMPLETE PIAN;0825646378227
BUCHBINDER/KATSARIS/BEREZOVSKY;CHOPIN U.A.:KLAV.WERKE D.ROMAN;0639842015820
BUCKINGHAM, LINDSAY;UNDER THE SKIN;0093624435921
BUCKLEY,TIM;GOODBYE AND HELLO;0075596089623
BUCKLEY,TIM;GOODBYE AND HELLO (REMASTERED;0081227356927
BUCKLEY,TIM;GREETINGS FROM L.A.;0075992726122
BUCKLEY,TIM;HAPPY/SAD;0075597404524
BUCKLEY,TIM;LORCA;0075596133920
BUCKLEY,TIM;MORNING GLORY-THE ANTHOLOGY;0081227672225
BUCKLEY,TIM;TIM BUCKLEY;0075596133821
BUDD,HAROLD;THE ROOM;0075678338229
BUEN COLOR;TBA;0639842634120
BUERGER LARS DIETRICH;DICKER DINGER;0706301510025
BUFFALO SPRINGFIELD;AGAIN;0075679039125
BUFFALO SPRINGFIELD;BOX SET;0081227432423
BUFFALO SPRINGFIELD;FIRST;0075679038920
BUFFALO SPRINGFIELD;RETROSPECTIVE;0075679041722
BUILT TO SPILL;ANCIENT MELODIES OF THE FUTURE;0093624597421
BUILT TO SPILL;ANCIENT MELODIES OF THE FUTURE;0093624797425
BURDON,ERIC;"FINALLY.....""";0085365027725
BURKE,SOLOMON;HOME IN YOUR HEART;0081227028428
BURKE,SOLOMON;PLATINUM COLLECTION;0081227999537
BURTON,GARY & JARRETT, KEITH;THROB;0081227159429
BUSH;GOLDEN STATE;0075678348822
BUSH BABEES;GRAVITY;0093624644620
BUSH,VIDAR;ATOMIC SWINGL;0639842971621
BUSSELL/+/THE ROYAL BALLET;TSCHAIKOWSKY:WINTER DREAMS;0090317770932
BUSSELL/+/THE ROYAL BALLET;TSCHAIKOWSKY:WINTER DREAMS;0090317770963
BUSTA RHYMES;ANARCHY;0075596251723
BUSTA RHYMES;E.L.E.;0075596221122
BUSTA RHYMES;FIRE;0075596710626
BUSTA RHYMES;FIRE;0075596710701
BUSTA RHYMES;FLIPMODE REMIXES;0075596399227
BUSTA RHYMES;GET OUT!/G;0075596708524
BUSTA RHYMES;GET OUT!/G;0075596708609
BUSTA RHYMES;GIMME SOME MORE/;0075596378222
BUSTA RHYMES;GIMME SOME MORE/;0075596378208
BUSTA RHYMES;PUT YOUR HAND WHERE.../;0075596390026
BUSTA RHYMES;THE COMING;0075596174220
BUSTA RHYMES;TURN IT UP!-VERY BEST OF;0075596272919
BUSTA RHYMES;TURN IT UP-VERY BEST OF;0081227355920
BUSTA RHYMES;WHEN DISASTER STRIKES;0075596215428
BUSTA RHYMES FEAT.JANET;WHAT'S IT GONNA BE!!/;0075596376228
BUSTA RHYMES FEAT.JANET;WHAT'S IT GONNA BE!!/;0075596376303
BUSTA RHYMES(NEW VERSION);WHEN DISASTER STRIKES;0075596226028
BUTLER,JOHN TRIO;GRAND NATIONAL;0075678999345
BUTLER,JOHN TRIO;SUNRISE OVER THE SEA;0075679380456
BUTLER,JONATHAN;SURRENDER;0093624827320
BUTTERFIELD BLUES BD.;BUTTERFIELD BLUES BD (REMASTER;0081227357122
BUTTERFIELD BLUES BD.;EAST WEST;0075596075121
BUTTERFIELD BLUES BD.;KEEP ON MOVIN';0075596115629
BUTTERFIELD BLUES BD.;PAUL BUTTERFIELD;0075596064729
BUTTERFIELD BLUES BD.;RESURRECTION OF PIGBOY;0075597401523
BWB;GROOVIN';0093624801122
BYRD,DONALD;THANK YOU...FOR F.U.M.L.(FUNKI;0075596272025
BYRDS, THE;THE BYRDS;0075596095525
BYRNE, DAVID;THE KNEE PLAYS;0075597996784
BYRNE,DAVID;GROWN BACKWARDS;0075597982626
BYRNE,DAVID;LIVE AT THE UNION CHAPEL;0603497029723
BYRNE,DAVID;REI MOMO;0075992599023
